p_max	TP	FP	FN	Precision	Recall
0.25	1001543	309234	101140	0.7640834405852407	0.9082782631091619
