p_max	TP	FP	FN	Precision	Recall
0.5	1046373	433235	56310	0.7071960951819671	0.9489336463879465
