p_max	TP	FP	FN	Precision	Recall
0.15	955494	240460	147189	0.7989387551695132	0.8665173943916792
