p_max	TP	FP	FN	Precision	Recall
0.15	1374954	244382	45491	0.8490850570851263	0.9679741207860917
