p_max	TP	FP	FN	Precision	Recall
0.25	1387017	258779	33428	0.8427636231950983	0.9764665298550806
