p_max	TP	FP	FN	Precision	Recall
0.5	1400396	274482	20049	0.83611821278923	0.9858854091499495
