	error_rate	time (sec)	missed (%)
0	0.0	0.40079999999999993	0.0
1	0.024999999999999998	0.4191999999999999	0.0
2	0.049999999999999996	0.4170999999999999	0.0
3	0.07499999999999998	0.3987	0.0
4	0.09999999999999999	0.4202	0.0
